Name;Speed;Control
Stiga Active;7.9;7.9
Stiga Allround Classic;6.6;8.9
Stiga Allround Classic Carbon;7.6;9
Stiga Allround Classic CR;7.4;9.2
Stiga Allround Classic Cybershape;7.4;9.6
Stiga Allround Classic Oversize WRB;6.9;8.8
Stiga Allround Classic WRB;6.8;8.8
Stiga Allround CR WRB;6.5;8
Stiga Allround Evolution;7.3;8.7
Stiga Allround NCT;7.5;9.3
Stiga Allround Oversize;7.7;9.6
Stiga Arctic Wood;8.5;9.4
Stiga Aura Hybrid Carbon;-;-
Stiga Aura Hybrid Carbon Cybershape;9.1;9.2
Stiga Azalea Allround;8.7;9.3
Stiga Azalea Offensive;8.5;8.5
Stiga By Banda Allround;8.3;9.9
Stiga Carbo 7.6;9.4;8.6
Stiga Carbo 7.6 WRB;9.2;8.3
Stiga Carbo Oversize;9;7.6
Stiga Carbokev;9.2;6.9
Stiga Carbokev WRB;9.1;6.8
Stiga Carbonado;8;10
Stiga Carbonado 145;9.3;8.7
Stiga Carbonado 190;9.2;9.3
Stiga Carbonado 245;9.7;8.6
Stiga Carbonado 290;9.4;9
Stiga Carbonado 45;8.5;9.2
Stiga Carbonado 90;9.5;9.4
Stiga Carbonix WRB;8.3;8.2
Stiga CC5;9.5;9.1
Stiga CC7;9.6;8.5
Stiga Celero;8.2;9
Stiga Centric Carbon;8.6;9.6
Stiga Clipper;8.6;8.5
Stiga Clipper Classic;9;9
Stiga Clipper CR;9;8.5
Stiga Clipper CR (WRB);9;8.6
Stiga Clipper Cybershape;8.7;9
Stiga Clipper Oversize WRB;9;9
Stiga Clipper Rosewood CRW (Limited Edition);9.7;7.9
Stiga Clipper WRB;8.9;8.6
Stiga Corona;4.9;7.1
Stiga Cybershape Carbon;9.1;9
Stiga Cybershape Carbon CWT;9.6;9.2
Stiga Cybershape Carbon CWT Truls Edition;9;9.3
Stiga Cybershape Wood;7.9;9.4
Stiga Cybershape Wood CWT;8.3;9.2
Stiga Defensive Classic;5.8;9.5
Stiga Defensive NCT;6.1;9.6
Stiga Defensive Pro;6.4;9.3
Stiga Destiny Carbon;-;-
Stiga Destiny Carbon Cybershape;-;-
Stiga Dynasty Carbon;9;9.2
Stiga Dynasty Carbon Xu Xin Edition;8.5;9.5
Stiga Ebenholz NCT V;9.1;9
Stiga Ebenholz NCT VII;9.4;8.5
Stiga Emerald VPS V;9.3;9.2
Stiga Energy WRB;7.5;8.2
Stiga Energy WRB V2;6.9;9
Stiga Eternity VPS V;9.1;9
Stiga Exclusive Off;9.1;8.6
Stiga Graphite Wood;9;7.6
Stiga Hans Asler;5.7;9.3
Stiga Hybrid Wood NCT;9.5;9
Stiga HyperTech CR 35/45;6.9;8
Stiga Infinity VPS V Diamond Touch;8.6;8.9
Stiga Inspira CCF;9;8.5
Stiga Inspira Hybrid Carbon;9.1;9.6
Stiga Inspira Plus;9.2;8.1
Stiga Intensity NCT;8.8;8.7
Stiga Intensity NCT Carbon;9.3;9
Stiga J.M. Saive Control;6.9;8.3
Stiga J.M. Saive Power WRB;8.5;9
Stiga Kevtech;9.1;6.8
Stiga KevTech WRB;8.7;7.6
Stiga Kjell Johannson;7.4;8.3
Stiga Legacy Carbon 12k;9.5;8.1
Stiga Maplewood NCT V;9.1;9.3
Stiga Maplewood NCT VII;9.1;8.3
Stiga Nostalgic Allround;8.7;9.6
Stiga Nostalgic Offensive;8.9;9.2
Stiga Nostalgic VII;9;8.8
Stiga Off.classic Wrb;-;-
Stiga Offensive Classic (OC);7.6;8.3
Stiga Offensive Classic Carbon;8.4;8.3
Stiga Offensive Classic WRB;8.3;8.4
Stiga Offensive CR;8.1;8.3
Stiga Offensive CR WRB;8.6;8.8
Stiga Offensive Oversize WRB;8.4;7.6
Stiga Offensive Wood NCT;8.1;8.9
Stiga Optimum Carbo;9.2;7.1
Stiga Optimum Plus;8.2;7.5
Stiga Optimum Seven;9.2;6.7
Stiga Optimum Sync;8.2;8.3
Stiga Pure;8;9
Stiga Pure Cybershape;7.9;9.4
Stiga Pure Cybershape CWT;-;-
Stiga Rosewood NCT V;8.9;8.9
Stiga Rosewood NCT VII;9.1;8.6
Stiga Rosewood XO;9.2;8.6
Stiga S-3000;8.4;7.6
Stiga S-4000 WRB;8.7;6.4
Stiga S-5000 WRB;7.8;6.5
Stiga Sense 7.6;9.6;8.7
Stiga Stellan Bengtsson;7.9;9
Stiga Super Carbon;9;8.5
Stiga Titanium;8.9;8.3
Stiga Titanium 5.4;8.7;6.4
Stiga Titanium 5.4 WRB;9.3;8.8
Stiga Triumph WRB;7.2;7.8
Stiga Truls Moregardh Carbon (not not CWT);-;-
Stiga Tube Allround WRB;7.6;8.8
Stiga Tube Aluminium WRB;8.8;7.3
Stiga Tube Carbo WRB;9.3;8.3
Stiga Tube Defensive WRB;6.3;8.7
Stiga Tube Light WRB;7.8;8.4
Stiga Tube Offensive WRB;8.5;8.6
Stiga Ulf Tickan Carlsson All 2000;8.1;9.5
Stiga V1 Carbon;9;6
Stiga Wavy Ultra Fiber Cybershape;9.5;8
TSP Altero;8.9;9
TSP Arsnova;8.6;9.3
TSP Balsa 2.5 DEF Fitter;4.5;8.7
TSP Balsa 2.5 Defence;5;9.1
TSP Balsa 3.5 DEF+;5.2;9.5
TSP Balsa 4.5 ALL;7.4;9.4
TSP Balsa 4.5 ALL Fitter;7.3;8.9
TSP Balsa 5.5 ALL+;8.5;9.1
TSP Balsa 5.5 Fitter;9;9.1
TSP Balsa 6.5 OFF;9.3;9.6
TSP Balsa 6.5 OFF Fitter;9.2;9
TSP Balsa 8.5 Top Speed;9.6;8.8
TSP Black Balsa 3.0;4.3;9.5
TSP Black Balsa 4.0;-;-
TSP Black Balsa 5.0;7;9.4
TSP Black Balsa 6.0;6;7
TSP Black Balsa 7.0;9.3;9.5
TSP Blazze ALL+;-;-
TSP Blazze OFF-;9;9
TSP Blazze Soft Touch OFF;8.8;9.1
TSP Blazze Soft Touch OFF+;9.8;7.9
TSP Blockman;6;9
TSP Break-11;8.1;8.6
TSP Break-9;8.8;10
TSP Defense Classic;7.3;9.1
TSP Defensive Reflex System;-;-
TSP Euro Classic ALL +;8;9
TSP Euro Feeling;8.4;9.4
TSP Euro Power OFF;9.1;9.4
TSP Fusion ALL+;8.5;9.5
TSP Gaia;9;9.1
TSP Galleon;8.6;9.7
TSP Hino-Carbon Power;9.1;8.5
TSP Hino-Carbon Speed;8.8;8.5
TSP Kanjo Feeling ALL+;6.5;9
TSP Lightness;5.5;8.5
TSP New Spin;9.5;8.5
TSP Phoenix Fire OFF;9.6;8
TSP PURE HINOKI;-;-
TSP Reflex 50 Award ALL;7.6;9.1
TSP Reflex 50 Award OFF;8.4;9
TSP Reflex 50 Award OFF Light;8.5;8
TSP Reflex Allround;7;8
TSP Reflex Offensive;8.5;9.6
TSP Superblade Neo;9.4;9.1
TSP Swat;8.7;9.4
TSP Swat 5PW;6;10
TSP Swat Carbon;8.6;9.5
TSP Swat Power;9.2;9.3
TSP Trinity Carbon;9;9.3
TSP Versal;7.8;8.3
TSP Victas Koji Matsushita;6.5;9.1
Victas Award Offensive;8.3;8.3
Victas Benedikt Duda AFC;-;-
Victas Birmingham 77 - Japanese Penhold;-;-
Victas Black Balsa 3.0;4;9
Victas Black Balsa 5.0;-;-
Victas Black Balsa 7.0;-;-
Victas Black Balsa V 3.0;-;-
Victas Black Balsa V 5.0;-;-
Victas Black Balsa V 7.0;-;-
Victas Dyna Carbon;7;9
Victas Dyna Five Hard;7.3;8
Victas Dyna Five Soft;7.3;9.3
Victas Dyna Seven;8.3;8.5
Victas Dynawood;9;9.5
Victas Dynawood Power;8.5;9.4
Victas Euro Classic ALL+;6;9
Victas Euro Feeling OFF-;8;9.5
Victas Fire Fall AC;9.2;9
Victas Fire Fall FC;8.5;9.3
Victas Fire Fall HC;8.9;9.1
Victas Fire Fall LC;9.1;9.5
Victas Fire Fall SC;-;-
Victas Fire Fall VC;9.4;9.3
Victas Hino-Carbon Power;9.4;9
Victas Hino-Carbon S;-;-
Victas Hino-Carbon SR;-;-
Victas Hinoki-Large;-;-
Victas Koji Matsushita;6.2;9.5
Victas Koji Matsushita 90th Anniversary;-;-
Victas Koji Matsushita Defensive;5.3;9.6
Victas Koji Matsushita Offensive;8.5;9.2
Victas Koji Matsushita Special;7.3;9.4
Victas Koji Matsushita ZC;7.3;9.1
Victas Koki Niwa;9.2;9.1
Victas Koki Niwa Regias;-;-
Victas Koki Niwa Wood;9;9.7
Victas Koki Niwa ZC;9.1;9
Victas Koki Niwa ZC Inner;9.2;8.7
Victas Liam Pitchford;9.2;8.4
Victas Liam Pitchford 90th Anniversary;-;-
Victas Lightness;-;-
Victas Multy;-;-
Victas Ni Xialan The Legend;-;-
Victas Quartet AFC;8.6;9.3
Victas Quartet Allround;-;-
Victas Quartet Hold;8.8;9
Victas Quartet Hold II;-;-
Victas Quartet II Speed;9;8.8
Victas Quartet LFC;8.9;9.6
Victas Quartet SFC;-;-
Victas Quartet Speed;9.3;9.2
Victas Quartet VFC;9.1;9
Victas Sleek;-;-
Victas Spin Ace Carbon;-;-
Victas Super Defensive;-;-
Victas SWAT;8.5;9.4
Victas SWAT 5PW;-;-
Victas SWAT Carbon;8.8;8.4
Victas SWAT Kids;-;-
Victas SWAT Kids Carbon;-;-
Victas SWAT Power;-;-
Victas SWAT Speed;-;-
Victas Walnut Wood;-;-
Victas WFS Mid-S;-;-
Victas WFS Mid-SR;-;-
Victas WFS Rotor-S And SR;-;-
Victas Yuto Muramatsu;7.3;9.2
Victas ZX-Gear Fiber;8;9
Victas ZX-GEAR IN;8.7;9.3
Victas ZX-GEAR OUT;8.9;8.5
Victas ZX-Large;-;-
XVT ALC Dragon;8.7;9.3
XVT ALC WHEEL;9;8.5
XVT Allround Classic;8.2;9.1
XVT Archer B Carbon;8.3;8.1
XVT Balsa Pro;8.3;8.8
XVT Black Knight 7;9.1;9.2
XVT Cannon;9.1;9
XVT Cannon Walnut;8.6;8.9
XVT Carbo V;8.8;8.8
XVT Dark Power;10;9
XVT Foundation;8;10
XVT Hinoki ALC Carbon;9;8.9
XVT Hinoki Balsa Carbon;8.7;8.6
XVT Hinoki ZL Carbon;9.3;9.3
XVT Hybrid;8.7;8
XVT LEX (-S918) ZL Carbon;8.9;9.4
XVT LEX S912;8.9;9.5
XVT Nano Carbo 40+;8.9;8.9
XVT RAGE 301 Kevlar Carbon (DHS 301);9.2;8.8
XVT Rose Wood Nano 7;9.1;8.6
XVT Single Hinoki 1Ply Hinoki 800;8.2;7.7
XVT Spring ZL;9;8
XVT Titanium Multi-carbon;-;-
XVT ZL Koto;9.5;8.7
XVT ZLC Carbon;9.2;8.9
Yinhe 2020;8;6
Yinhe 2024;9;7.5
Yinhe 350 Year;7;7.7
Yinhe 3A;7;10
Yinhe 677s;9.6;9.6
Yinhe 896;7.6;8.7
Yinhe 901;8.3;8
Yinhe 960;-;-
Yinhe 966;7.4;8.5
Yinhe 970;9;7
Yinhe 970 XX - A;9.1;9.3
Yinhe 970 XX - C;9.5;9.3
Yinhe 970XX K;8.8;9.2
Yinhe 977;10;10
Yinhe 977S;-;-
Yinhe 980;6.8;9.3
Yinhe 980 XX;5;9
Yinhe 981;9.6;7.3
Yinhe 982;10;10
Yinhe 983;9.4;6.1
Yinhe 984;-;-
Yinhe 985;8.9;8.8
Yinhe 986;9.3;8.6
Yinhe 987;9.5;8.4
Yinhe 988;9.3;8.7
Yinhe 989;9.3;8.3
Yinhe 991;-;-
Yinhe 992 Three Carbon;-;-
Yinhe Balsa 10;-;-
Yinhe Balsa 6;4.9;9.6
Yinhe Balsa 7;6.4;9.5
Yinhe Balsa 8;8.4;9.3
Yinhe Balsa 9;9.2;9.4
Yinhe Balsa DEF 10;-;-
Yinhe Bogen;7.5;9
Yinhe Cannon Carbon Tech;9.5;6
Yinhe Carbokev K-1;-;-
Yinhe Carbokev K-2;8.5;8
Yinhe Carbokev K-3;7;8
Yinhe Carbokev K-4;8.4;8.8
Yinhe Carbokev K-5;9.1;7.1
Yinhe Carbokev K-6;9.1;8.1
Yinhe CN.1 Children Carbon;6.3;9.3
Yinhe CN.2;7.2;8
Yinhe DE-1;6;9.5
Yinhe Def 5;4.3;9.2
Yinhe DEF-11;7;9
Yinhe DK 4-ALC;9;9.5
Yinhe DL-1 Woven Carbon;-;-
Yinhe DL-3 Uniaxial Carbon;-;-
Yinhe Earth E-1;8.5;8.6
Yinhe Earth E-1 VB;7.8;9
Yinhe Earth E-2;-;-
Yinhe Earth E-3;8.2;9.1
Yinhe Earth E-3 VB;8;8.9
Yinhe Earth E-4;8.3;8.5
Yinhe Earth E-5;-;-
Yinhe EC-11;8;6
Yinhe EC-12;8.9;7.2
Yinhe EC-13;9.5;7.1
Yinhe EC-14;9.3;8.9
Yinhe Galaxy T2s;9.1;9
Yinhe Hinoki 200 Year;-;-
Yinhe Hinoki 260 Year;-;-
Yinhe Hinoki 3A;8;8
Yinhe Hinoki 5A;10;10
Yinhe Huichuan;7;8.5
Yinhe Huichuan 606;9;7
Yinhe J-1;7.9;8.9
Yinhe Kiso Hinoki V;8.4;9
Yinhe Kiso Hinoki VII;9;9.5
Yinhe Lanze;6.5;9.5
Yinhe LQ-1;6.9;8
Yinhe LQ-2;6.7;8.3
Yinhe M-1;-;-
Yinhe M-2;-;-
Yinhe M-3;10;10
Yinhe M-4;8;9
Yinhe M-5;-;-
Yinhe M-6;7.5;7.9
Yinhe M101;9.7;9.2
Yinhe M102;9.4;8.2
Yinhe M201;8.7;9.4
Yinhe M202;9.2;9
Yinhe Max 01 PLC;9.5;8.5
Yinhe MC-1;8.5;7.5
Yinhe MC-2;8.2;9.3
Yinhe MC-2 PRO;9;9
Yinhe MC-3;8.3;7.9
Yinhe MC-4;8.7;8.8
Yinhe Mercury Y-11;9;7.6
Yinhe Mercury Y-12;-;-
Yinhe Mercury Y-13;8.5;9
Yinhe Mercury Y-14;8.6;8.5
Yinhe Mercury Y-15;9;8.9
Yinhe Mercury Y-16;9.4;9.4
Yinhe N-1;8.5;8.5
Yinhe N-10;7.4;8.4
Yinhe N-11;7.9;8.6
Yinhe N-2;9;9
Yinhe N-3;8.8;8.7
Yinhe N-4;8.7;9.4
Yinhe N-5;-;-
Yinhe N-6;8;7
Yinhe N-7;8;8
Yinhe N-8;8.1;8.3
Yinhe N-8 S;7.9;8.5
Yinhe N-9;9.1;9.1
Yinhe N10 S;8.3;8.8
Yinhe N11 S;8.2;9.4
Yinhe N1S;-;-
Yinhe N7-S;-;-
Yinhe N9S;8.7;9
Yinhe Nano 50;8;9
Yinhe Nano 51;-;-
Yinhe Nano 52;-;-
Yinhe Nano 70;8.5;8.7
Yinhe NE-50;-;-
Yinhe NE-70;-;-
Yinhe NR-50;9;8
Yinhe NR-70;9;9.8
Yinhe PRO 01;8.9;8.9
Yinhe PRO 03;9;9
Yinhe Pro 05;9;9.3
Yinhe Pro 06;8.5;7
Yinhe PRO 11S;8.9;9
Yinhe PRO 13S;9.2;9
Yinhe Pro 5W;9.3;9.2
Yinhe PRO 7W;8.9;8.4
Yinhe Pro Feeling;9.1;9.2
Yinhe Pro ZLC;-;-
Yinhe Purple Dragon PD-437;8.4;8.4
Yinhe Purple Dragon PD-537;9.1;8.9
Yinhe Qiu Yike Ebony;8.7;9.3
Yinhe Qiu Yike Palisander;8.8;8.8
Yinhe Qiu Yike Pro Limited Edition;9;9.3
Yinhe Qiu Yike Rosewood;8.7;8.7
Yinhe Qiu Yike Wenge;-;-
Yinhe Rose 5;-;-
Yinhe Speer;8;8
Yinhe T-1;9.3;8.4
Yinhe T-10;9.1;7.7
Yinhe T-10+;9.6;8.6
Yinhe T-10s;-;-
Yinhe T-11;9.5;8.7
Yinhe T-11+;9.3;8.8
Yinhe T-1S;9.8;7.6
Yinhe T-2;9.3;8.2
Yinhe T-2S;9.2;8
Yinhe T-3;9.5;8.8
Yinhe T-4;9.5;8.3
Yinhe T-4s;9.6;8.9
Yinhe T-5;-;-
Yinhe T-5s;9.5;9
Yinhe T-6;8.4;8.9
Yinhe T-7;8.3;8.8
Yinhe T-8;9.3;8.6
Yinhe T-8S;9.2;9
Yinhe T-9;9.3;8
Yinhe T-9 Pro;9.8;9.2
Yinhe T11s;9.5;8.8
Yinhe T3s;9.2;8.5
Yinhe T6s;8.5;7.2
Yinhe T7s;9;9.2
Yinhe TC.1 Thin Carbon 1;-;-
Yinhe TC.2 Thin Carbon 2;-;-
Yinhe TC.4 Thin Carbon 4;-;-
Yinhe U-2 Spin;8.8;8.5
Yinhe U2004 (U-4);7.5;8
Yinhe U2005 (U-5);8.4;8.3
Yinhe U2006 (U-6);9;8
Yinhe U2007 (U-7);-;-
Yinhe Uranus U-1;9.6;9
Yinhe Uranus U-1 VB;8.7;9.5
Yinhe Uranus U-2;8.3;9.2
Yinhe Uranus U-3;9.3;9.4
Yinhe Venus V-1;8.9;9.1
Yinhe Venus V-11;9.5;9.8
Yinhe Venus V-12;9.1;9.2
Yinhe Venus V-13;8.9;9.3
Yinhe Venus V-14;9;9
Yinhe Venus V-14 PRO;9.1;9.1
Yinhe Venus V-15;9.5;9
Yinhe Venus V-16;9.2;8.6
Yinhe Venus V-2;8.5;7.5
Yinhe Venus V-3;-;-
Yinhe Venus V-4;9.3;9.2
Yinhe VF5;-;-
Yinhe W-1;8.9;8.5
Yinhe W-2;8.1;8.6
Yinhe W-3;-;-
Yinhe W-4;8.5;5
Yinhe W-5;9;8
Yinhe W-6;7.9;8.8
Yinhe Win ALC;9.4;9
Yinhe Y-1;8.5;8.5
Yinhe Y-2;9.1;9.2
Yinhe Y-3;8.7;7.7
Yinhe Y-4;8.8;9
Yinhe Yinhe D-715;9;9.4
Yinhe Yinhe T1S;9;8
Yinhe Yu Ziyang Golden ALC;9.1;9.6
Yinhe Z5 VF;8.4;9.5
Yinhe Z7 VF;8.9;9.4
Yasaka Advance 3D;9.1;9.2
Yasaka Allround 40;8;8
Yasaka Allround Plus;7.9;9.1
Yasaka Alnade;9.2;9
Yasaka Atletico Power;9;9.3
Yasaka Balsa;7.6;7.9
Yasaka Balsa Plus;8.5;8.1
Yasaka Battle Balsa;8;9
Yasaka Carbon 3D;8;8.6
Yasaka Dynamix 17;9.5;9.1
Yasaka Eagle;7.7;8
Yasaka Earlest Carbon+;10;10
Yasaka Ebony Carbon;9.5;8.8
Yasaka Extra;7.4;9.1
Yasaka Extra 3 D;8;8.5
Yasaka Extra 3D Soft Carbon;8.2;8.2
Yasaka Extra 7;8.1;8.3
Yasaka Extra Offensive 7 Power;9.2;9
Yasaka Extra Special;8.8;8.9
Yasaka Falck Carbon;-;-
Yasaka Falck W7;9.1;8.8
Yasaka Galaxya;8.4;8.9
Yasaka Galaxya Carbon;9.5;8.7
Yasaka Galaxya Carbon Special;9.3;9
Yasaka Gatien 2040;6.2;8.3
Yasaka Gatien Allround;6.7;9.3
Yasaka Gatien Carbon 3D;-;-
Yasaka Gatien Extra;7.6;8.9
Yasaka Gatien Extra 3D;7.8;8.6
Yasaka Gatien OVERDRIVE Metal;8.6;8.6
Yasaka Goiabao 5;9.3;9.2
Yasaka Hasha Deluxe;9.8;8.3
Yasaka Hasha V;8.5;10
Yasaka Hinoki Leo 7;9.1;9
Yasaka Kan Yo Fiber Special;8.5;8
Yasaka Katsura;7;7
Yasaka Ma Lin;-;-
Yasaka Ma Lin Carbon;8.6;8.4
Yasaka Ma Lin Extra;-;-
Yasaka Ma Lin Extra Offensive;8.5;8.6
Yasaka Ma Lin Extra Special;9.1;9.2
Yasaka Ma Lin Hard Carbon;8.9;8.3
Yasaka Ma Lin Max Carbon;9.2;9.1
Yasaka Ma Lin Soft Carbon;7.6;8.3
Yasaka Mark V Special Edition;8;8.2
Yasaka Masamune;8.5;8.8
Yasaka Max Carbon 3D;9.6;8.3
Yasaka Max Wood;9.1;7.9
Yasaka Musashi;8.9;8.6
Yasaka Musashi Delux;8.9;9
Yasaka Musashi Gold W76;9.5;9
Yasaka Musashi Silver;9.5;10
Yasaka Offensive 40;8.5;10
Yasaka Overdrive;8.9;8.7
Yasaka Reinforce AC;9;10
Yasaka Reinforce HC;9.4;8
Yasaka Reinforce LT;8.6;9.3
Yasaka Reinforce SI;8.9;9.2
Yasaka Resonate AI;9;9.8
Yasaka Rifle;8.8;9
Yasaka Rose Grade;9.1;8.8
Yasaka Silverline 9 Wood;9.6;8.4
Yasaka Silverline All Wood;8.2;9.1
Yasaka Silverline Carbon;8.7;8.6
Yasaka Spelancer;9.7;7.2
Yasaka Sweden Classic;6.7;9.2
Yasaka Sweden Classic Japan;7;9
Yasaka Sweden Defensive;6.5;8.8
Yasaka Sweden EK Carbon;8.9;8.5
Yasaka Sweden Extra;7.8;9.1
Yasaka Sweden Guardian;7.1;9.1
Yasaka Sweeper;5.4;9.3
Yasaka Synergy;8.6;8.6
Yasaka X1;9.4;7.5
Yasaka Yagyu;8;9
Yasaka Yagyu 3 (III);9.3;8.8
Yasaka Zebarate;8.6;9.8
Andro Blax ALL+;8.5;7
Andro Blax OFF;9.1;8.4
Andro Carbon Compact OFF-;8.2;9
Andro Core 7 OFF;9;9.6
Andro Core 7 OFF+;9.5;9.2
Andro CS5 ALL+;8.5;8.5
Andro CS7 Pro;7.8;9
Andro CS7 Tour;8.9;9.5
Andro CS7 Velocity;9.2;7.9
Andro CSV ALL+;8.1;8.9
Andro CSV Carbon OFF++;9.3;8.5
Andro CSV OFF;9;9.4
Andro CSV OFF+;8.9;8.7
Andro CSV OFF-;8.3;9.6
Andro Defcon DEF;-;-
Andro Fibercomp DEF;7.4;9
Andro Flaxonite Cruiser ALL;-;-
Andro Flaxonite Driver OFF;8.9;9.4
Andro Gauzy BL5 ALL;7.5;9
Andro Gauzy BL7 OFF;8.4;9.6
Andro Gauzy HL CO OFF;8.7;9.4
Andro Gauzy SL OFF;8.9;9.1
Andro HiLoom;8.8;9.3
Andro Inizio ALL;8.9;8.9
Andro Inizio OFF;8.7;9
Andro J. M. Saive Kinetic OFF;7.5;7.5
Andro J. M. Saive Kinetic OFF-;7.7;9.1
Andro Kanter ALL+;6.8;8.5
Andro Kanter CO OFF;9;9.2
Andro Kanter Explorer OFF;9.5;9.5
Andro Kanter FO OFF;9;9
Andro Kanter OFF+;9.3;9.2
Andro Kinetic ALL;8;9
Andro Kinetic ALL+;8.3;9.4
Andro Kinetic CF Carbo-Aramid OFF;9;8.7
Andro Kinetic CF Carbon OFF+;9.3;7.8
Andro Kinetic CF Carbon OFF-;-;-
Andro Kinetic CF Kevlar-Carbon OFF;8.5;8.7
Andro Kinetic CF Light ALL+;7.5;10
Andro Kinetic CF Light OFF;8.8;9.5
Andro Kinetic CF Light OFF+;9.4;8.5
Andro Kinetic CF Light OFF-;-;-
Andro Kinetic CF Titanium ALL+;8;9
Andro Kinetic Christian Suss Hinoki ALL+;8.2;8.8
Andro Kinetic Christian Suss Hinoki OFF;8.5;8.3
Andro Kinetic Explorer OFF+;8.5;6.8
Andro Kinetic OFF;-;-
Andro Kinetic OFF+;-;-
Andro Kinetic Record ALL+;8.3;9.6
Andro Kinetic Record OFF;8.9;9.2
Andro Kinetic Record OFF+;9.5;9
Andro Kinetic Record OFF-;8.2;9.4
Andro Kinetic Supreme ALL;7.5;8.3
Andro Kinetic Supreme ALL+;8.3;9.2
Andro Kinetic Supreme Carbon OFF;9;7.7
Andro Kinetic Supreme Carbon OFF+;9.3;7.3
Andro Kinetic Supreme OFF;8.2;9
Andro Kinetic Supreme OFF-;8.4;8.9
Andro Kinetic Supreme OFF- Kiso Hinoki Zylon;8.5;9.4
Andro Kinetic Supreme Zylon/Kiso-Hinoki OFF-;7.8;9
Andro Kinetics Cf Light Off+;-;-
Andro Ligna;-;-
Andro Ligna ALL+;8.1;9.5
Andro Ligna FR OFF;9.5;9.5
Andro Ligna OFF;9.2;9.5
Andro Ligna OFF+;9.6;9.3
Andro Ligna Tour OFF;9.3;9.2
Andro Nightmare OFF;8.5;8.5
Andro Novacell ALL/S;8;9.5
Andro Novacell OFF;8.7;9.2
Andro Novacell OFF/S;9.2;9.2
Andro Parade DEF;6.5;9.2
Andro Performance OFF;10;8
Andro ProLoom;8.8;9.9
Andro Super Core ALL;-;-
Andro Super Core ALL+;6;9
Andro Super Core Carbon Light (CL) ALL+;6.8;8.7
Andro Super Core Carbon Light (CL) OFF;9.1;8.8
Andro Super Core Carbon Light (CL) OFF+;9.6;8.5
Andro Super Core Carbon OFF;-;-
Andro Super Core Carbone Light;-;-
Andro Super Core Cell;-;-
Andro Super Core Cell ALL;7.2;9.3
Andro Super Core Cell ALL+;7.3;9
Andro Super Core Cell Carbon OFF;8.3;9.1
Andro Super Core Cell OFF;9.1;9
Andro Super Core Cell OFF+;9.4;8.8
Andro Super Core Cell OFF-;7.9;8.1
Andro Super Core OFF;-;-
Andro Super Core OFF-;8;8.9
Andro Synteliac VCI OFF;8.7;9.3
Andro Synteliac VCO;9.2;9.2
Andro Synteliac ZCI OFF;-;-
Andro Synteliac ZCO;9.7;8.3
Andro Temper Tech ALL+;7.9;9.5
Andro Temper Tech OFF;9;9.2
Andro Temper Tech OFF+;9.5;9.1
Andro Temper Tech OFF-;8.5;9.3
Andro Timber 5 ALL/S;8.3;9.6
Andro Timber 5 ALLS Small FL;-;-
Andro Timber 5 DEF;-;-
Andro Timber 5 OFF;8.6;9.5
Andro Timber 7 OFF;9.1;9.3
Andro Timber 7 OFF/S;8.9;9.4
Andro TP_Ligna ALL;8.1;9.5
Andro TP_Ligna Ci Off;9.1;9.4
Andro TP_Ligna CO OFF;9.4;9.4
Andro TP_Ligna OFF;8.6;9.3
Andro TP_Ligna OFF/S;9;8
Andro Treiber CI OFF;9.2;9
Andro Treiber CO ALL/S;-;-
Andro Treiber CO OFF;9.5;9.1
Andro Treiber CO OFF/S;9.1;9.3
Andro Treiber FI OFF;9.2;9.5
Andro Treiber FO OFF;9.6;9.5
Andro Treiber FO OFF/S;9.6;8.9
Andro Treiber G;8.8;8.1
Andro Treiber H;8.8;9.1
Andro Treiber K;8.8;9.5
Andro Treiber Q;9.2;9.3
Andro Treiber Z;9.4;9.2
Andro Tronum Aratox OFF+;9.4;9.3
Andro Tronum Carbotox OFF;8.7;9.1
Andro Wanokiwami AO OFF;8.9;9.3
Andro Wanokiwami Midori DEF;7.9;9.5
Andro Wanokiwami Ren OFF;9.1;9.6
Banco Balsa Speed;-;-
Butterfly Adolescen;8.4;8.8
Butterfly Aeolus S;9.3;7.6
Butterfly All - Supa;8;9
Butterfly All Hinoki 5;8;8.5
Butterfly All Hinoki 7;8.8;8.2
Butterfly Allround+;8;10
Butterfly AMC 3000;5;6
Butterfly Amultart ZL Carbon;9.5;8.7
Butterfly Andrzej Grubba (Classic Design);7.1;9
Butterfly Andrzej Grubba 15;7.2;8.3
Butterfly Andrzej Grubba Carbon;8.1;9.1
Butterfly Balsa Carbo;-;-
Butterfly Balsa Carbo X3;8.1;8.7
Butterfly Balsa Carbo X5;8.3;8.5
Butterfly Bastian Steger;7.4;8.9
Butterfly Bazelart;8.6;9.7
Butterfly Biside;8;9
Butterfly Bolgard;8;9
Butterfly Boll Allround;7.9;8.9
Butterfly Boll Allround XXS;-;-
Butterfly Boll Control;-;-
Butterfly Boll Forte N°3;7.6;9.5
Butterfly Boll Fortissimo;-;-
Butterfly Boll Mezzoforte;7.4;9.2
Butterfly Boll Offensive;8.4;7.8
Butterfly Boll TriCarbon;9.7;7.2
Butterfly Brisker Light;-;-
Butterfly BTY CS 2000;-;-
Butterfly Chiang Peng Lung;9.5;8.5
Butterfly Chinese AL;9;8.3
Butterfly Chinese EX;9.1;8.6
Butterfly Chinese Real;7.7;8.1
Butterfly Chinese Tamca ULC;9;8.4
Butterfly Chuan Chih Yuan;7.3;7.8
Butterfly Clearfield;8.6;7.2
Butterfly Cofferlait Arylate Carbon;8;8.7
Butterfly Coleus;-;-
Butterfly Cresail;8.6;9.1
Butterfly Cryptate;8.3;8.1
Butterfly Cutlass;6.3;8.3
Butterfly Cypress Alpha;-;-
Butterfly Cypress Alpha-R;8;9
Butterfly Cypress G-Max;10;9
Butterfly Cypress JP I-S;-;-
Butterfly Cypress JP II-S;-;-
Butterfly Cypress JP III-S;-;-
Butterfly Cypress Max;9.5;8.8
Butterfly Cypress T-Max S;7;10
Butterfly Cypress V-Max;9;7
Butterfly Cypress-R;8;9
Butterfly Cypress-S;9.3;8.5
Butterfly Defence 2 (II);7.4;9.2
Butterfly Defence 4 (IV);7;10
Butterfly Defence Alpha;4.2;8.8
Butterfly Defence Pro;7.5;7.8
Butterfly Defence X;6.5;7.7
Butterfly Defense 3 (III);-;-
Butterfly Dillfer;8.9;9.5
Butterfly Dimitrij Ovtcharov Innerforce ALC;9.2;9.3
Butterfly Diode;6.8;8.8
Butterfly Diode Pro;6;9.7
Butterfly Diode V;7.2;9.1
Butterfly Djurvall Classic;8.2;10
Butterfly Effort 70th Anniversary;8.5;8.4
Butterfly Ekstaule;-;-
Butterfly Ester;8.8;9
Butterfly Extra Wing;6.3;9
Butterfly Falcima;8.3;9.5
Butterfly Fan Zhendong ALC;8.8;9
Butterfly Fan Zhendong CNF;9;9.7
Butterfly Fan Zhendong Super ALC;9.6;8.1
Butterfly Fan Zhendong Super ZLC;9.7;9.3
Butterfly Fan Zhendong ZLC;9.1;9.6
Butterfly Feth;6.6;8.4
Butterfly Finewood OFF;8;10
Butterfly Finewood Off-;7;7
Butterfly Firehand;9.3;7.1
Butterfly Franziska Innerforce ZLC;8.8;9.6
Butterfly Freitas ALC;8.6;8.3
Butterfly Fukuhara Ai Pro ZLF;8.9;9.5
Butterfly Fukuhara Ai Special;9.2;8.3
Butterfly Garaydia ALC;8.6;9.2
Butterfly Garaydia Alc Blade;-;-
Butterfly Garaydia Revolver-R;-;-
Butterfly Garaydia T5000;9.5;8.8
Butterfly Garaydia ZLC;9.4;8.9
Butterfly Gergely 21;9.4;8.3
Butterfly Gergely Alpha;9.4;8.4
Butterfly Gergely Carbon;9.1;8
Butterfly Gionis Carbon All+;8.2;9.2
Butterfly Gionis Carbon Def;6.7;9.3
Butterfly Gionis Carbon Off;8.4;7.8
Butterfly Grubba Carbon;7.2;7.1
Butterfly Grubba Pro;6.4;9.2
Butterfly Grubba Variant;7.1;8.9
Butterfly Guo Yue;5.5;6.8
Butterfly H.P. Courpierce R;8.8;9.8
Butterfly H.P.Neutrino;-;-
Butterfly H.S. Cryzer;8.6;8.3
Butterfly Hadraw 5;8.5;9.4
Butterfly Hadraw JPV-R;-;-
Butterfly Hadraw JPV-S;-;-
Butterfly Hadraw Revolver-R;7;6
Butterfly Hadraw Shield;6.6;8.9
Butterfly Hadraw SK;7.5;8.5
Butterfly Hadraw SR;7.9;7.2
Butterfly Hadraw VK;8.3;8.9
Butterfly Hadraw VR;9.2;8.2
Butterfly Harimoto Innerforce Super ALC;9.2;9.7
Butterfly Harimoto Innerforce Super ZLC;8.6;9.6
Butterfly Harimoto Innerforce ZLC;8.6;9.5
Butterfly Harimoto Tomokazu Innerforce ALC;8.3;9.1
Butterfly Haruvatart ZL Carbon;9.8;7.9
Butterfly HERMOSO;9;9
Butterfly Hinoki Pen Winner II;-;-
Butterfly Hinoki Shake 5;5.8;9.4
Butterfly Hinoki Shake Speedy;9.3;8.5
Butterfly Hinoki Shake Swift;8;9
Butterfly Holycrown;9;8.5
Butterfly HP Winner;8;7.8
Butterfly Innerforce;-;-
Butterfly Innerforce AL;8.4;9.2
Butterfly Innerforce ALC;8.8;9.1
Butterfly Innerforce Layer AL;8.3;8.8
Butterfly Innerforce Layer ALC;9;9.3
Butterfly Innerforce Layer ALC.S;8.2;9.2
Butterfly Innerforce Layer ZLC;8.8;8.9
Butterfly Innerforce Layer ZLF;7.7;9
Butterfly Innerforce T5000;9.3;8.2
Butterfly Innerforce ULC;9;9
Butterfly Innerforce ZLC;9.1;8.9
Butterfly Innerforce ZLF;9;9.2
Butterfly Innershield Layer ZLF;6.3;9.3
Butterfly Innershield ZLF;6.6;9.3
Butterfly Iolite;9.1;8.4
Butterfly Iolite Neo;9.5;8.5
Butterfly Ishlion;9;8.2
Butterfly Jonyer Hinoki;7.5;8.7
Butterfly Jonyer Hinoki Special;7.6;8.4
Butterfly Joo Se Hyuk;7.3;8.6
Butterfly Jun Mizutani;9.5;8.9
Butterfly Jun Mizutani Super ZLC;9.5;9
Butterfly Jun Mizutani ZLC;9.3;8.8
Butterfly Kazan;7;8
Butterfly Kenny Pro;6.8;8.2
Butterfly Kenta Matsudaira ALC;8.7;9.4
Butterfly Keyshot;8.3;8.8
Butterfly Keyshot Alpha;8.7;8.6
Butterfly Keyshot Light;8.6;8.9
Butterfly Kim Taek Soo;9.6;7.3
Butterfly Kiso Hinoki V;8.1;8.9
Butterfly Kiso Hinoki VII;8.7;8.2
Butterfly Klampar Tamca Carbon 5000;8.9;9.7
Butterfly Kong Linghui;7.9;8.4
Butterfly Kong Linghui Euro;8;8.1
Butterfly Kong Linghui Special;8.4;8.9
Butterfly Korbel MagicHand;8.9;7.9
Butterfly Korbel SK7;8.4;8.5
Butterfly Korbel Speed;7.9;8.2
Butterfly Kreanga Aeros Off+;8.7;8.4
Butterfly Kreanga Carbon;9.3;7.5
Butterfly Kreanga PowerKev Carbon;9.7;9.6
Butterfly Kreanga Powerspin;8.4;7.8
Butterfly Kumpuru;8.4;9.3
Butterfly Lapuhta;10;9.5
Butterfly Lejumu;6.5;7.5
Butterfly Lin Gaoyuan ALC;9.2;8.6
Butterfly Lin Yun-Ju Super ZLC;9.2;9.4
Butterfly Liu Shiwen;9.1;9.5
Butterfly Liu Shiwen ZLF;9.4;9.5
Butterfly Madash;8;7.2
Butterfly Marcos Freitas ALC;8.9;9.5
Butterfly Matsushita Pro;5.9;8.7
Butterfly Matsushita Pro Alpha;7.5;9.5
Butterfly Matsushita Pro Special;7.1;9.4
Butterfly Maze Advance;5.8;9.8
Butterfly Maze Advance 2021;7.9;9.7
Butterfly Maze Magic;9;8.7
Butterfly Maze Passion;7.9;8.9
Butterfly Maze Performance;8.4;8.4
Butterfly Maze T-Tec ALL+;7.6;8.6
Butterfly Maze T-Tec OFF;8.3;9.2
Butterfly Mazunov;8.8;7.7
Butterfly Michael Maze;8.7;8.8
Butterfly Millerga;8.2;8.6
Butterfly Minion ALC;-;-
Butterfly Moonbeam;9.2;6.8
Butterfly Nitchugo Super;8.9;8.3
Butterfly Oh Sang Eun;7.9;8.8
Butterfly Omar Assar;9;9.5
Butterfly Outerforce ALC;7.5;8
Butterfly Outerforce CAF;7;7
Butterfly Outerforce ZLC;9;9.3
Butterfly Ovtcharov S1;8.5;9
Butterfly Ovtcharov S2;8;8.3
Butterfly Peter Korbel Japan Version;8.6;9.1
Butterfly Petr Korbel;8.3;8.8
Butterfly Phalanx;8;10
Butterfly Phalanx II;7.9;8.9
Butterfly Photino;9.4;8.5
Butterfly Photino Light;9.4;8.4
Butterfly Power 7;9;8.4
Butterfly Power Defence;7.3;8
Butterfly Power Drive;8.5;8.6
Butterfly Power Drive II;8.8;8.9
Butterfly Primo Vitesse;8.5;8.4
Butterfly Primorac;7.6;8.8
Butterfly Primorac 2000;8.3;8.4
Butterfly Primorac 2017;7.9;8.2
Butterfly Primorac Carbon TAMCA 5000;9.3;7.6
Butterfly Primorac EX;8.4;9.3
Butterfly Ranunculus;8.8;8.5
Butterfly Redox;7.8;8.2
Butterfly Retriever;7.5;10
Butterfly Revoldia CNF;8.6;9.2
Butterfly Reygundo;8.3;8.5
Butterfly Ryu Seung Min;-;-
Butterfly Ryu Seung Min G Max;9.7;8.7
Butterfly Ryu Seung Min G Max T5000;-;-
Butterfly Ryu Seung Min ZLC Japanese;9;8.6
Butterfly Sardius;9.5;7.2
Butterfly Schlager Aramid Carbon OFF;8.3;9.5
Butterfly Schlager Carbon;9.5;7.4
Butterfly Schlager Carbon Light;9.3;8.4
Butterfly Schlager Inspire;9.6;8.4
Butterfly Schlager Precision;7.6;8.1
Butterfly Scorna;10;10
Butterfly SCS-2000;7.5;7.3
Butterfly SCS-3000;-;-
Butterfly Senkoh 85;7.8;8.3
Butterfly Senkoh 90;9;8.7
Butterfly Senkoh HCK;9;8
Butterfly Senkoh MAX;9.4;8.1
Butterfly Senkoh Special 90;9;9
Butterfly Senkoh Special 92;-;-
Butterfly Senkoh-1;8.3;8.5
Butterfly Senkoh-5;8;9
Butterfly Shamada;-;-
Butterfly SK Carbon;9;9.2
Butterfly SK7 Classic;8.7;8.8
Butterfly Strave OFF;9.4;10
Butterfly Supreme Speed;8.9;7.4
Butterfly Taksim;8.9;8.6
Butterfly Tamaropa;9.5;7
Butterfly Tamca Gergely 5000;9;5
Butterfly Tamca ULC;9;7
Butterfly TB5;8;8
Butterfly TB7;9.1;9.3
Butterfly Tenper Speed;8.5;8
Butterfly Tiago Apolonia ZLC;9.1;9.4
Butterfly Timberfeel OFF-;8;9.1
Butterfly Timbershot Off+;9;8
Butterfly Timbertouch ALL;7.2;9.3
Butterfly Timo Boll;7.6;9.4
Butterfly Timo Boll 30th Anniversary;-;-
Butterfly Timo Boll ALC;9;8.7
Butterfly Timo Boll ALL;7;9.5
Butterfly Timo Boll ALL+;7.8;9.1
Butterfly Timo Boll CAF;8.4;8.5
Butterfly Timo Boll Forte;8.4;8.2
Butterfly Timo Boll OFF-;7.9;8.6
Butterfly Timo Boll Spark;7.6;8.1
Butterfly Timo Boll Spirit;8.6;8.6
Butterfly Timo Boll T5000 Tamca;9.4;8
Butterfly Timo Boll TJ;-;-
Butterfly Timo Boll W5;8.5;9
Butterfly Timo Boll W7;8.9;8.7
Butterfly Timo Boll XXS;8;8.3
Butterfly Timo Boll ZLC;9.3;9.1
Butterfly Timo Boll ZLF;8.8;9.3
Butterfly Tomokazu Innerforce ALC;-;-
Butterfly Viscaria;9;8.8
Butterfly Viscaria Golden;9;9.5
Butterfly Viscaria Light;8.8;8.3
Butterfly Viscaria Super ALC;9.1;9.2
Butterfly VSG-1000;9.4;8.1
Butterfly VSG-2000;8.8;9
Butterfly VSG-3000;8.2;8.4
Butterfly VSG-4000;8;8.2
Butterfly VSG-TWIST I;-;-
Butterfly VSG-TWIST II;8.5;8.8
Butterfly VSG-TWIST III;8.3;8.5
Butterfly VSG-TWIST IV;9.2;7.7
Butterfly Wakaba-An;8;8.4
Butterfly Werner Schlager;-;-
Butterfly XStar;7.2;8.8
Butterfly XStar III;6.5;9.1
Butterfly XStar IV;7.3;9.5
Butterfly XStar V;7;9
Butterfly Yoshida Kaii;8.3;8.6
Butterfly Yoshimura Maharu;-;-
Butterfly Zhang Jike;8.1;7.3
Butterfly Zhang Jike ALC;9;9.3
Butterfly Zhang Jike Super ZLC;9.4;9.3
Butterfly Zhang Jike T5000;9.3;8.2
Butterfly Zhang Jike ZLC;8.8;9
Butterfly Zhang Yining;7.9;8.3
Cornilleau AERO ALL;5.5;9.5
Cornilleau AERO ALL+;9.5;-
Cornilleau AERO OFF;8.6;8.1
Cornilleau Aero OFF+ Soft Carbon;9;8.8
Cornilleau AERO OFF-;8.4;9
Cornilleau Aero Offensive Carbon;-;-
Cornilleau Calderano FOCO OFF+;9.1;9.5
Cornilleau CONQUEST OFF;8.3;9.1
Cornilleau Gatien Absolum OFF+;9.6;7.9
Cornilleau Gatien Crown ALL+;8.1;9.3
Cornilleau Gauzy Quest All+;-;-
Cornilleau Gauzy Quest OFF;9;8.8
Cornilleau GLORY OFF;9.2;8.5
Cornilleau Hinotec ALL+;7.7;7.8
Cornilleau Hinotec OFF;8.2;8.5
Cornilleau Hinotec OFF+ Carbon;9.1;7.8
Cornilleau Hinotec OFF-;7.9;8.6
Cornilleau Hugo Calderano FOCO OFF-;6;6
Cornilleau Hugo Calderano OFF+;8.3;8.4
Cornilleau ORIGIN OFF-;8.5;8.9
Cornilleau PURE CARBON OFF+;9.1;7.7
Cornilleau Simon Gauzy Quest Off;8.4;9.4
Cornilleau VISION SOFT CARBON OFF+;8.8;8
DHS 506 Ma Long;9.2;9.2
DHS Classic (1970s);9;9
DHS Classic 08X;7.8;9
DHS Di-GT 9 Dipper Blackwood;9.2;9
DHS DI-HT;8.4;9.4
DHS Di-RT Dipper Rosewood;9;8.9
DHS Dipper CP Monocarbon;8;8.7
DHS Dipper Di-02;7.4;7.7
DHS Dipper Di-03;7.5;8.8
DHS Dipper Di-13;8.3;8.3
DHS Dipper Di-15;-;-
DHS Dipper Di-16;-;-
DHS Dipper M C10;9.5;7.5
DHS Dipper M SP500;9.5;7.5
DHS Fang Bo All Wood;9.1;9.3
DHS Fang Bo B2X;9.2;9.2
DHS Fang Bo B2x U;9.2;9
DHS Fang Bo Carbon;9.3;9
DHS Fang Bo W968;9;10
DHS Hl5 (3rd Version My2022);9.4;9.5
DHS Hurricane 301;9.1;9.4
DHS Hurricane 301 Z;9;9
DHS Hurricane 301T;9.3;9.4
DHS Hurricane 301X;9;9
DHS Hurricane Bo 2 (Hurricane B2);9.4;9.2
DHS Hurricane H-GY;8.8;9.6
DHS Hurricane H-LG;8;6.5
DHS Hurricane H-LN;8;9
DHS Hurricane H-TP;9.1;8.7
DHS Hurricane H-WH;8.8;8.4
DHS Hurricane H-WL;9.5;8.5
DHS Hurricane H-WN;8.9;8.1
DHS Hurricane Hao;8;8.9
DHS Hurricane Hao 656;8.7;9.3
DHS Hurricane Hao II;8.5;9.6
DHS Hurricane Hao III;9;9.4
DHS Hurricane King;8.6;8.8
DHS Hurricane King 655;8.5;8.7
DHS Hurricane King ACB;9.3;9.7
DHS Hurricane King III;9.3;9.2
DHS Hurricane King Wang Chuqin;9.1;10
DHS Hurricane Long;9.6;9.4
DHS Hurricane Long 2;9.2;9.5
DHS Hurricane Long 3;8.9;9.6
DHS Hurricane Long 5;9.5;9.3
DHS Hurricane Long 5 Golden;9.3;8.6
DHS Hurricane Long 5x;9.7;9.4
DHS Hurricane Ning;9.5;9
DHS Hurricane No.2;7.3;8.3
DHS Hurricane Sun;8;8
DHS Hurricane Xia;9.7;10
DHS Ma Long Balance;7;8
DHS Ma Long Energy;9.3;9.4
DHS Magic C03;7.5;8
DHS Magician M-02;8.2;9.2
DHS Magician M-03;7.3;9.2
DHS Magician M-13;7;7
DHS Neo TG825;9.4;9
DHS PF4 016;-;-
DHS PF4 032;8.5;8.8
DHS PF4 08;7.5;8
DHS PG6X;9;9.3
DHS PG7;8.6;9
DHS PG7 H;9.1;9.8
DHS Power-G 15E;8.5;8.5
DHS Power-G PG12;8.9;8.1
DHS Power-G PG13;8.7;8.5
DHS Power-G PG15;8.9;9.1
DHS Power-G PG2;7.1;8.2
DHS Power-G PG2-L;7.6;8.3
DHS Power-G PG2-S;6;9
DHS Power-G PG3;7.9;8.4
DHS Power-G PG3T;9;9
DHS Power-G PG5;8.4;9.1
DHS Power-G PG5X;8.6;9
DHS Power-G PG7;8.9;8.9
DHS Power-G PG8;7.8;8.2
DHS Power-G PG9;9.1;8.6
DHS Q968;8.7;9.8
DHS Skyline TG7-AL;9.5;8.9
DHS Skyline TG7-BL;7.8;7.5
DHS Skyline TG7-BS;9;9.5
DHS TG 506+;9;9.7
DHS TG 506X;9;8.4
DHS TG-7 CP;9.2;9
DHS TG-7 CP2;8.9;9.1
DHS TG-7 P;9.3;9.5
DHS TG-7 P2;9;-
DHS TG825-L;9.8;8.2
DHS W3010;7.7;9.2
DHS W968 Hurricane Long 5 National;9.4;9.7
DHS Wang Hao Control;7.5;9.5
DHS Wang Hao Special;7;7
DHS Wang Liqin Carbon;9.3;8.2
DHS Wang Liqin Legend;8.7;9.2
DHS Wang Liqin Magic;8.5;9
DHS Wang Liqin Penhold;9.5;8.3
DHS Wind CW-C;9.4;7.4
DHS Wind CW-E;7.9;9
DHS Wind Power 2;9.5;8
DHS Wind SR-A;7.9;9.4
DHS Wind W1030;8.3;9.2
DHS Wind W2010;8;9
DHS Wind W3010;8.5;9.3
Sauer & Troger Firestart;;
Sauer & Troger Unicorn;;
Sauer & Troger black and white;;
Sauer & Troger zeus;;
